<?xml version="1.0" encoding="US-ASCII"?>
<SoftwareAG_License>
<Component Id="SalesInfo">
<SerialNumber>0000490313</SerialNumber>
<LicenseKey>D59EDCBFAC7C749C7553CC2C86D2BA57</LicenseKey>
<CustomerID>3150000</CustomerID>
<CustomerName>Software AG for Solution Book Internal USE ONLY</CustomerName>
<ContractDetails>SOFTWARE AG internal license solely for sales promotion and internal training purposes. Please note that this access key is for your personal use only. Access and software shall not be forwarded to anybody else</ContractDetails>
<ContractPosNumber>10</ContractPosNumber>
<LicenseTypeDetails>Internal</LicenseTypeDetails>
<AutoCallHome>No</AutoCallHome>
</Component>
<Component Id="ProductInfo">
<ExpirationDate>2021/10/31</ExpirationDate>
<OS>win, SunOS, Linux, Linux S390, AIX, HP-UX, MacOS</OS>
<ProductCode>GWMTS</ProductCode>
<ProductID/>
<ProductName>wM Test Suite</ProductName>
<ProductVersion>10.0</ProductVersion>
<Usage/>
<RenewalDate/>
<HigherLevPosNr/>
<HigherLevProdCode/>
<HigherLevProdName/>
</Component>
<Component Id="LicenseInfo">
<PriceUnit>CoreD</PriceUnit>
<PriceQuantity>1</PriceQuantity>
<TypeOfInstallation/>
<LicenseType/>
<ExtendedRights/>
<LicenseVersion>1.2</LicenseVersion>
<Metering>MNO</Metering>
</Component>
<Component Id="WmTestSuite">
<ProductCode>GWM</ProductCode>
<ProductVersion>10.0</ProductVersion>
</Component>
</SoftwareAG_License>